<?xml version="1.0" encoding="utf-8"?>
<TestContainerParameter xmlns:xsi="http://www.w3.org/2001/XMLSchema-instance"
                        xsi:noNamespaceSchemaLocation="..\..\..\..\ITF\ITF_TestBench\Templates\TestContainer_XML\TestContainer_XSD.xsd">
<Version>
  <Major>1</Major>
  <Minor>0</Minor>
  <Bugfix>0</Bugfix>
</Version>
  <TestContainerDescription>
    <!-- Heading: TestContainerName -->
    <!-- Description: Specify the name of the testcontainer. Use the Function or the module name.-->
    <!-- PossibleValues: e.g. "DCOM" -->
    <TestContainerName>rba_Msc</TestContainerName>
    <!-- Heading: TestContainerType -->
    <!-- Description: Specify the test type -->
    <!-- PossibleValues: "IntegrationTest"  "UnitTest" "FunctionTest" "AcceptanceTest"-->
    <TestContainerType>UnitTest</TestContainerType>
    <!-- Heading: TestEnvironment -->
    <!-- Description: Specify the test environment for the current test container. The batches will be generated accordingly.-->
    <!-- PossibleValues: "ECU" for target test, "SIM" for SIM test & "ECU_SIM" for both Target and SIM tests -->
    <TestEnvironment>ECU</TestEnvironment>
  </TestContainerDescription>
  <TestCaseHook>
    <!-- Heading: InitHookFilename -->
    <!-- Description: Specify the external perl module file for INIT HOOK (if used). If case no external HOOK Function used, field can be left empty -->
    <!-- PossibleValues: INIT_HOOK_SUB.pm -->
    <InitHookFilename></InitHookFilename>
    <!-- Heading: InitHookFunction -->
    <!-- Description: Project specific command called during the initialization of BSW STEPS.-->
    <!-- PossibleValues: "DCOM_Hook" or "OBT_Hook", any other API needs to defined in INIT hook file "IC_STEPS_DNCSIM.pm" or "IC_STEPS_OFFICE.pm" -->
    <InitHookFunction></InitHookFunction>
  </TestCaseHook>
  <TestContainerSettings>
    <Target>
      <!-- Heading: TargetTestCasePath -->
      <!-- Description: Specify the testcase path for target test (relative path) -->
      <!-- PossibleValues: "Quality\TC\Int\MyTestContainer\TestCases" -->
      <TargetTestCasePath>Quality\TC\Unit\Mcal\rba_Msc\TestCases</TargetTestCasePath>
      <!-- Heading: TargetTestParaPath -->
      <!-- Description: Specify the testpara path for target test (relative path) -->
      <!-- PossibleValues: "Quality\TC\Func\TC_DCOM\Param" -->
      <TargetTestParaPath></TargetTestParaPath>
      <!-- Heading: TargetTestListPath -->
      <!-- Description: Specify the testlist file for target test (relative path) -->
      <!-- PossibleValues: "Quality\TC\Int\TC_DCOM\TestList\TestList_Target_1.txt" -->
      <TargetTestListPath>Quality\TC\Unit\Mcal\rba_Msc\TestList\rba_Msc_TestList.txt</TargetTestListPath>
    </Target>
    <Simulation>
      <!-- Heading: SIMTestCasePath -->
      <!-- Description: Specify the testcase path for sim test (relative path) -->
      <!-- PossibleValues: "Quality\TC\Func\TC_DCOM\DCOM09_Ref_TESTSUITE\_TESTCASES\AR_REFERENCE_DIAGNOSIS" -->
      <SIMTestCasePath></SIMTestCasePath>
      <!-- Heading: SIMTestParaPath -->
      <!-- Description: Specify the testpara path for sim test (relative path) -->
      <!-- PossibleValues: "Quality\TC\Func\TC_DCOM\Param" -->
      <SIMTestParaPath />
      <!-- Heading: SIMTestListPath -->
      <!-- Description: Specify the testlist file for sim test (relative path) -->
      <!-- PossibleValues: "Quality\TC\Int\TC_DCOM\TestList\TestList_Simulation_1.txt" -->
      <SIMTestListPath></SIMTestListPath>
      <!-- Heading: BSWSIM_EXE -->
      <!-- Description: Specify the path of the BSWsim executable to be used for the tests (relative path).-->
      <!-- PossibleValues: "BSWSim_DCM_Out\BswSimPrj_BSWSim_DCM.exe" -->
      <BSWSIM_EXE></BSWSIM_EXE>
      <!-- Heading: BSWSIM_Type -->
      <!-- Description: Specify the CLASS type for simulation (relative path) -->
      <!-- PossibleValues: Default: "BSWSIM.Application" -->
      <BSWSIM_Type></BSWSIM_Type>
    </Simulation>
  </TestContainerSettings>
  <OnBoardTester>
    <!-- OBT: Enable/Disable -->
    <OBT_Enabled>Disable</OBT_Enabled>
    <!-- OBT Target Interface: CAN/Debugger/RS232 -->    
    <OBT_Interface></OBT_Interface>
    <!-- Heading: OBT_Configuration -->
    <!-- Description: Configuring and specifying the OBT-Cases -->    
  	<OBT_Configuration>
      <!-- Heading: OBTCase-->
      <!-- Description: OBTCase consists of an Action- and Evaluation-Function,  -->
      <!-- and is configured for a dedicated Task, i.e. TASK_1ms_e, TASK_10ms_e and -->
      <!-- a dedicated dead-lock value. For the values please refer to the OBT-Documentation inside the OBT-Component  -->
    </OBT_Configuration>
  </OnBoardTester>
  <TestDevices>
    <CANoe>
      <!-- Heading: CANoe_Status -->
      <!-- Description: Specify the status of CANoe  -->
      <!-- PossibleValues:  "Enable" or "Disable" the CANoe -->
      <CANoe_Status>Disable</CANoe_Status>
      <!-- Heading: CANoe_Ext_CFG_Path -->
      <!-- Description: Specify the path of user defined CANoe CFG to be used, valid on if <CANoe_Status> is set to "EXT_CFG" -->
      <!-- PossibleValues: "Quality\ITF\ITF_TestBench\CANoe\Obt\Obt_CanoeXCP_CAN.cfg" -->
      <CANoe_CFG_Path>Quality\ITF\ITF_TestBench\CANoe\Obt\Obt_CanoeXCP_CAN.cfg</CANoe_CFG_Path>
    </CANoe>
    <TkWinX>
      <!-- Heading: TkWinX_Status -->
      <!-- Description: Specify if TkWinX shall be used for the Test execution -->
      <!-- PossibleValues: "Enable" or "Disable" -->
      <TkWinX_Status>Disable</TkWinX_Status>
    </TkWinX>
    <Debugger>
      <!-- Heading: Debugger_Status -->
      <!-- Description: Specify if Debugger shall be used for the Test execution -->
      <!-- PossibleValues: "Enable" or "Disable" -->
      <Debugger_Status>Disable</Debugger_Status>
    </Debugger>
    <RelayBox>
      <!-- Heading: CANnect_Status -->
      <!-- Description: Specify if CANnect shall be used for the Test execution -->
      <!-- PossibleValues: "Enable" or "Disable" -->
      <CANnect_Status>Disable</CANnect_Status>
    </RelayBox>
	<CANStress>
      <!-- Heading: CANStress -->
      <!-- Description: Specify if CANStress shall be used for the Test execution -->
      <!-- PossibleValues: "Enable" or "Disable" -->
      <CANStress_Status>Disable</CANStress_Status>
    </CANStress>
  </TestDevices>
  <ProjectSpecific>
	<!-- Heading:DCOM configuration module -->
	<!-- Description: Project specific dcom configuration. -->
  </ProjectSpecific>
</TestContainerParameter>
